player,role,year,format,matches,innings,runs,batting_avg,strike_rate,hundreds,fifties,wickets,bowling_avg,economy,five_wickets
Babar Azam,Batter,2015,T20,10,10,572,57.2,144.1,1,4,0,49.42,8.3,0
Babar Azam,Batter,2015,ODI,14,14,719,51.36,75.1,3,5,3,40.43,4.77,0
Babar Azam,Batter,2015,Test,17,34,693,20.38,57.8,2,6,0,43.12,2.99,1
Babar Azam,Batter,2016,T20,7,7,513,73.29,133.9,2,4,0,40.33,7.49,1
Babar Azam,Batter,2016,ODI,8,8,640,80.0,79.4,2,5,0,40.6,4.44,0
Babar Azam,Batter,2016,Test,20,40,441,11.03,52.8,1,3,2,53.21,2.4,1
Babar Azam,Batter,2017,T20,5,5,609,121.8,120.3,2,6,0,49.19,8.05,0
Babar Azam,Batter,2017,ODI,14,14,813,58.07,65.0,2,7,0,42.77,4.11,0
Babar Azam,Batter,2017,Test,5,10,462,46.2,47.3,1,4,20,49.11,3.12,1
Babar Azam,Batter,2018,T20,16,16,598,37.38,141.3,1,4,9,38.93,8.08,1
Babar Azam,Batter,2018,ODI,15,15,563,37.53,75.1,2,4,0,40.16,5.39,0
Babar Azam,Batter,2018,Test,18,36,736,20.44,74.6,2,6,27,52.21,3.15,1
Babar Azam,Batter,2019,T20,20,20,377,18.85,112.3,1,3,14,51.87,8.48,1
Babar Azam,Batter,2019,ODI,18,18,355,19.72,77.1,2,3,0,42.32,5.44,0
Babar Azam,Batter,2019,Test,5,10,343,34.3,45.9,0,3,0,48.34,2.17,1
Babar Azam,Batter,2020,T20,20,20,907,45.35,133.6,3,7,1,50.08,8.43,0
Babar Azam,Batter,2020,ODI,19,19,418,22.0,83.7,1,3,0,46.42,5.4,1
Babar Azam,Batter,2020,Test,14,28,585,20.89,38.6,1,5,0,34.58,3.41,1
Babar Azam,Batter,2021,T20,15,15,264,17.6,147.1,0,3,11,51.69,7.45,1
Babar Azam,Batter,2021,ODI,13,13,526,40.46,95.5,1,4,8,42.69,4.85,1
Babar Azam,Batter,2021,Test,5,10,585,58.5,59.0,1,5,4,51.92,3.04,1
Babar Azam,Batter,2022,T20,8,8,714,89.25,117.6,2,6,0,42.88,8.03,1
Babar Azam,Batter,2022,ODI,12,12,332,27.67,86.7,0,3,25,43.69,4.43,1
Babar Azam,Batter,2022,Test,18,36,442,12.28,55.9,2,3,0,46.98,3.89,0
Babar Azam,Batter,2023,T20,6,6,442,73.67,121.9,1,3,8,49.38,7.54,1
Babar Azam,Batter,2023,ODI,12,12,835,69.58,73.6,3,7,13,51.19,6.0,0
Babar Azam,Batter,2023,Test,14,28,746,26.64,50.2,2,6,13,48.54,2.51,1
Babar Azam,Batter,2024,T20,13,13,829,63.77,131.0,2,7,10,42.18,7.39,1
Babar Azam,Batter,2024,ODI,12,12,580,48.33,71.7,1,5,0,30.8,5.17,0
Babar Azam,Batter,2024,Test,7,14,620,44.29,59.5,1,6,5,40.21,3.75,0
Mohammad Rizwan,Batter,2015,T20,11,11,803,73.0,138.0,2,6,15,42.82,7.73,1
Mohammad Rizwan,Batter,2015,ODI,9,9,526,58.44,72.9,1,4,14,43.72,4.84,0
Mohammad Rizwan,Batter,2015,Test,7,14,381,27.21,37.7,1,4,0,38.06,3.15,0
Mohammad Rizwan,Batter,2016,T20,13,13,485,37.31,136.7,1,4,0,44.53,8.71,0
Mohammad Rizwan,Batter,2016,ODI,19,19,978,51.47,96.8,2,9,9,50.24,5.73,0
Mohammad Rizwan,Batter,2016,Test,8,16,801,50.06,68.5,2,6,0,50.84,3.39,0
Mohammad Rizwan,Batter,2017,T20,19,19,774,40.74,136.4,2,6,1,41.62,7.47,1
Mohammad Rizwan,Batter,2017,ODI,5,5,290,58.0,61.4,1,3,3,36.13,5.58,0
Mohammad Rizwan,Batter,2017,Test,12,24,972,40.5,55.5,3,8,0,40.21,2.62,0
Mohammad Rizwan,Batter,2018,T20,6,6,775,129.17,118.0,2,7,0,32.57,7.53,0
Mohammad Rizwan,Batter,2018,ODI,19,19,608,32.0,76.7,1,5,0,40.61,4.98,0
Mohammad Rizwan,Batter,2018,Test,8,16,492,30.75,48.6,1,5,0,44.75,2.83,0
Mohammad Rizwan,Batter,2019,T20,5,5,561,112.2,121.8,2,5,14,47.4,7.58,0
Mohammad Rizwan,Batter,2019,ODI,5,5,773,154.6,88.3,2,7,5,51.68,5.81,1
Mohammad Rizwan,Batter,2019,Test,19,38,881,23.18,47.6,2,7,6,44.38,3.56,0
Mohammad Rizwan,Batter,2020,T20,6,6,769,128.17,135.7,2,6,16,37.71,7.0,0
Mohammad Rizwan,Batter,2020,ODI,19,19,381,20.05,72.8,1,3,13,49.42,5.07,0
Mohammad Rizwan,Batter,2020,Test,18,36,564,15.67,45.1,2,5,17,50.51,3.62,1
Mohammad Rizwan,Batter,2021,T20,9,9,431,47.89,158.3,1,3,0,42.5,8.0,0
Mohammad Rizwan,Batter,2021,ODI,10,10,656,65.6,80.8,2,5,0,46.29,5.14,0
Mohammad Rizwan,Batter,2021,Test,17,34,604,17.76,53.3,2,5,10,45.13,3.72,0
Mohammad Rizwan,Batter,2022,T20,18,18,715,39.72,128.8,3,5,0,46.94,8.49,1
Mohammad Rizwan,Batter,2022,ODI,19,19,298,15.68,97.4,0,2,2,38.26,6.0,0
Mohammad Rizwan,Batter,2022,Test,16,32,747,23.34,43.9,2,6,9,58.67,2.98,1
Mohammad Rizwan,Batter,2023,T20,16,16,887,55.44,112.7,2,8,6,37.72,7.75,0
Mohammad Rizwan,Batter,2023,ODI,20,20,697,34.85,79.1,1,5,5,42.49,4.88,0
Mohammad Rizwan,Batter,2023,Test,13,26,462,17.77,70.6,2,3,7,46.0,2.81,0
Mohammad Rizwan,Batter,2024,T20,20,20,579,28.95,131.2,1,5,4,41.29,7.56,0
Mohammad Rizwan,Batter,2024,ODI,15,15,609,40.6,89.8,1,5,5,50.14,5.53,0
Mohammad Rizwan,Batter,2024,Test,20,40,900,22.5,52.1,3,7,3,46.45,3.77,0
Fakhar Zaman,Batter,2015,T20,17,17,483,28.41,142.9,1,5,10,44.49,8.34,0
Fakhar Zaman,Batter,2015,ODI,13,13,765,58.85,97.8,3,7,16,47.18,5.6,0
Fakhar Zaman,Batter,2015,Test,10,20,652,32.6,41.2,1,5,18,50.1,1.45,1
Fakhar Zaman,Batter,2016,T20,20,20,633,31.65,139.2,2,5,0,45.07,8.33,0
Fakhar Zaman,Batter,2016,ODI,9,9,874,97.11,74.0,3,7,13,46.4,5.22,1
Fakhar Zaman,Batter,2016,Test,17,34,561,16.5,37.3,1,5,6,42.92,3.11,0
Fakhar Zaman,Batter,2017,T20,18,18,676,37.56,133.3,1,5,2,43.25,7.38,1
Fakhar Zaman,Batter,2017,ODI,19,19,616,32.42,95.4,1,6,0,42.34,5.26,1
Fakhar Zaman,Batter,2017,Test,17,34,720,21.18,73.6,3,6,6,43.53,3.45,0
Fakhar Zaman,Batter,2018,T20,14,14,516,36.86,127.9,1,4,7,41.71,7.49,0
Fakhar Zaman,Batter,2018,ODI,16,16,655,40.94,81.9,1,6,0,41.75,5.49,0
Fakhar Zaman,Batter,2018,Test,11,22,771,35.05,60.8,2,7,10,44.34,2.27,1
Fakhar Zaman,Batter,2019,T20,11,11,605,55.0,118.1,1,6,12,41.46,7.65,0
Fakhar Zaman,Batter,2019,ODI,16,16,623,38.94,73.7,1,6,7,43.12,4.47,1
Fakhar Zaman,Batter,2019,Test,14,28,462,16.5,57.8,1,3,11,41.52,4.04,0
Fakhar Zaman,Batter,2020,T20,7,7,754,107.71,141.2,2,7,9,46.98,8.07,1
Fakhar Zaman,Batter,2020,ODI,5,5,493,98.6,110.5,1,5,0,49.45,4.94,0
Fakhar Zaman,Batter,2020,Test,5,10,501,50.1,60.0,1,5,0,38.57,2.75,0
Fakhar Zaman,Batter,2021,T20,20,20,406,20.3,126.4,2,4,3,47.51,7.88,0
Fakhar Zaman,Batter,2021,ODI,12,12,510,42.5,58.6,1,4,7,41.67,5.64,0
Fakhar Zaman,Batter,2021,Test,10,20,570,28.5,47.0,1,4,7,47.12,3.75,0
Fakhar Zaman,Batter,2022,T20,13,13,592,45.54,130.4,1,5,8,47.8,7.76,0
Fakhar Zaman,Batter,2022,ODI,10,10,525,52.5,83.9,1,5,17,41.41,6.29,0
Fakhar Zaman,Batter,2022,Test,5,10,489,48.9,67.3,1,5,3,40.92,3.17,1
Fakhar Zaman,Batter,2023,T20,9,9,674,74.89,119.6,2,6,0,37.48,8.02,1
Fakhar Zaman,Batter,2023,ODI,8,8,551,68.88,81.4,1,5,12,42.22,5.55,1
Fakhar Zaman,Batter,2023,Test,11,22,507,23.05,51.5,1,4,14,45.88,2.4,0
Fakhar Zaman,Batter,2024,T20,17,17,675,39.71,138.0,1,6,11,38.65,8.28,0
Fakhar Zaman,Batter,2024,ODI,16,16,582,36.38,86.0,1,5,1,50.07,4.88,0
Fakhar Zaman,Batter,2024,Test,18,36,560,15.56,57.7,2,5,0,49.25,3.61,0
Imam-ul-Haq,Batter,2015,T20,9,9,644,71.56,145.9,1,5,14,42.27,7.76,1
Imam-ul-Haq,Batter,2015,ODI,13,13,612,47.08,74.1,1,5,10,46.92,5.65,1
Imam-ul-Haq,Batter,2015,Test,20,40,870,21.75,59.9,2,8,0,42.97,3.13,0
Imam-ul-Haq,Batter,2016,T20,14,14,601,42.93,153.2,2,5,0,39.0,6.93,0
Imam-ul-Haq,Batter,2016,ODI,10,10,371,37.1,85.8,1,3,9,47.75,5.39,1
Imam-ul-Haq,Batter,2016,Test,16,32,598,18.69,43.7,1,5,0,54.11,2.95,0
Imam-ul-Haq,Batter,2017,T20,5,5,650,130.0,130.1,1,5,0,54.29,8.0,0
Imam-ul-Haq,Batter,2017,ODI,16,16,667,41.69,65.7,1,5,13,43.48,5.79,0
Imam-ul-Haq,Batter,2017,Test,11,22,609,27.68,48.7,1,5,0,42.25,3.45,0
Imam-ul-Haq,Batter,2018,T20,13,13,398,30.62,129.0,1,4,0,45.36,7.73,1
Imam-ul-Haq,Batter,2018,ODI,14,14,479,34.21,93.2,1,3,8,46.74,5.26,1
Imam-ul-Haq,Batter,2018,Test,8,16,695,43.44,35.7,1,5,13,50.07,2.84,0
Imam-ul-Haq,Batter,2019,T20,16,16,704,44.0,143.3,2,5,4,43.83,7.94,1
Imam-ul-Haq,Batter,2019,ODI,9,9,502,55.78,81.7,1,4,0,50.22,5.14,0
Imam-ul-Haq,Batter,2019,Test,7,14,771,55.07,56.4,3,6,5,46.22,2.74,0
Imam-ul-Haq,Batter,2020,T20,8,8,430,53.75,137.5,1,3,3,45.25,6.93,1
Imam-ul-Haq,Batter,2020,ODI,11,11,514,46.73,81.5,1,4,18,50.22,6.34,0
Imam-ul-Haq,Batter,2020,Test,16,32,469,14.66,61.3,1,3,12,50.34,3.48,0
Imam-ul-Haq,Batter,2021,T20,11,11,517,47.0,109.8,1,4,8,44.62,7.93,1
Imam-ul-Haq,Batter,2021,ODI,20,20,773,38.65,76.1,3,6,12,46.97,5.62,0
Imam-ul-Haq,Batter,2021,Test,18,36,623,17.31,62.0,1,6,7,46.69,3.66,1
Imam-ul-Haq,Batter,2022,T20,14,14,791,56.5,132.3,2,7,4,48.05,8.07,1
Imam-ul-Haq,Batter,2022,ODI,14,14,489,34.93,67.3,1,5,1,54.51,5.27,0
Imam-ul-Haq,Batter,2022,Test,16,32,652,20.38,70.7,2,5,31,40.16,3.47,2
Imam-ul-Haq,Batter,2023,T20,7,7,710,101.43,141.8,2,5,24,50.38,7.44,0
Imam-ul-Haq,Batter,2023,ODI,8,8,771,96.38,86.1,3,7,13,45.79,4.35,1
Imam-ul-Haq,Batter,2023,Test,13,26,610,23.46,37.0,2,6,0,46.03,2.63,0
Imam-ul-Haq,Batter,2024,T20,9,9,697,77.44,135.5,1,6,1,37.97,7.81,0
Imam-ul-Haq,Batter,2024,ODI,5,5,640,128.0,86.9,1,6,0,32.97,4.64,0
Imam-ul-Haq,Batter,2024,Test,14,28,752,26.86,51.8,2,7,2,45.89,2.78,1
Abdullah Shafique,Batter,2015,T20,20,20,483,24.15,135.5,1,4,6,44.63,6.79,0
Abdullah Shafique,Batter,2015,ODI,19,19,741,39.0,81.2,3,6,12,51.24,5.33,0
Abdullah Shafique,Batter,2015,Test,10,20,519,25.95,55.3,2,5,5,38.54,2.47,1
Abdullah Shafique,Batter,2016,T20,20,20,611,30.55,115.6,1,6,7,44.44,8.47,0
Abdullah Shafique,Batter,2016,ODI,16,16,612,38.25,76.9,1,5,1,43.59,4.59,1
Abdullah Shafique,Batter,2016,Test,5,10,803,80.3,56.3,3,6,0,31.03,3.78,0
Abdullah Shafique,Batter,2017,T20,16,16,705,44.06,137.6,2,6,0,38.97,8.19,0
Abdullah Shafique,Batter,2017,ODI,10,10,651,65.1,93.8,2,6,5,35.21,4.75,0
Abdullah Shafique,Batter,2017,Test,5,10,533,53.3,42.4,1,5,0,43.11,3.57,1
Abdullah Shafique,Batter,2018,T20,11,11,700,63.64,128.9,2,5,13,41.43,7.49,0
Abdullah Shafique,Batter,2018,ODI,11,11,309,28.09,85.4,0,2,4,46.52,5.71,0
Abdullah Shafique,Batter,2018,Test,7,14,596,42.57,52.4,1,5,0,53.2,3.47,0
Abdullah Shafique,Batter,2019,T20,18,18,666,37.0,152.3,1,6,0,47.55,7.96,1
Abdullah Shafique,Batter,2019,ODI,19,19,744,39.16,79.0,2,6,0,41.94,5.04,1
Abdullah Shafique,Batter,2019,Test,19,38,575,15.13,69.2,2,4,0,44.34,3.27,1
Abdullah Shafique,Batter,2020,T20,14,14,668,47.71,140.7,1,5,0,47.23,7.48,0
Abdullah Shafique,Batter,2020,ODI,10,10,591,59.1,98.5,2,4,8,47.14,5.23,0
Abdullah Shafique,Batter,2020,Test,20,40,880,22.0,45.0,2,7,1,46.46,3.33,0
Abdullah Shafique,Batter,2021,T20,13,13,549,42.23,129.8,1,5,5,43.35,8.15,0
Abdullah Shafique,Batter,2021,ODI,7,7,521,74.43,93.3,1,4,0,37.37,5.78,0
Abdullah Shafique,Batter,2021,Test,12,24,786,32.75,65.5,2,7,1,45.05,2.4,0
Abdullah Shafique,Batter,2022,T20,15,15,448,29.87,143.1,1,4,0,45.47,8.03,0
Abdullah Shafique,Batter,2022,ODI,13,13,493,37.92,87.8,1,5,0,43.38,5.68,0
Abdullah Shafique,Batter,2022,Test,12,24,722,30.08,75.0,2,7,1,40.27,3.17,0
Abdullah Shafique,Batter,2023,T20,5,5,401,80.2,117.8,1,3,0,36.79,7.84,0
Abdullah Shafique,Batter,2023,ODI,16,16,789,49.31,97.5,2,7,0,36.62,5.91,0
Abdullah Shafique,Batter,2023,Test,13,26,489,18.81,77.3,1,5,9,55.19,3.71,1
Abdullah Shafique,Batter,2024,T20,18,18,493,27.39,137.0,1,5,0,39.92,7.89,0
Abdullah Shafique,Batter,2024,ODI,18,18,798,44.33,72.0,2,7,0,44.81,4.47,1
Abdullah Shafique,Batter,2024,Test,15,30,435,14.5,52.7,1,3,5,38.95,2.45,0
Saud Shakeel,Batter,2015,T20,5,5,428,85.6,143.2,1,3,9,47.43,7.61,1
Saud Shakeel,Batter,2015,ODI,9,9,350,38.89,93.7,1,3,0,36.92,5.31,0
Saud Shakeel,Batter,2015,Test,10,20,492,24.6,37.7,1,4,11,47.42,2.72,1
Saud Shakeel,Batter,2016,T20,12,12,690,57.5,137.1,1,5,5,48.28,7.75,1
Saud Shakeel,Batter,2016,ODI,10,10,798,79.8,89.3,2,6,11,47.54,5.44,1
Saud Shakeel,Batter,2016,Test,18,36,575,15.97,58.4,2,4,0,45.54,3.43,0
Saud Shakeel,Batter,2017,T20,14,14,596,42.57,125.2,2,4,0,35.39,7.65,0
Saud Shakeel,Batter,2017,ODI,10,10,820,82.0,80.3,2,7,7,45.5,5.75,0
Saud Shakeel,Batter,2017,Test,16,32,412,12.88,47.8,1,3,0,46.97,3.6,0
Saud Shakeel,Batter,2018,T20,17,17,575,33.82,130.8,1,4,0,46.44,7.9,0
Saud Shakeel,Batter,2018,ODI,12,12,462,38.5,86.7,1,3,4,51.95,5.04,0
Saud Shakeel,Batter,2018,Test,9,18,742,41.22,67.5,2,7,2,47.81,3.61,0
Saud Shakeel,Batter,2019,T20,19,19,688,36.21,141.4,2,5,4,49.33,8.38,0
Saud Shakeel,Batter,2019,ODI,16,16,576,36.0,92.3,1,5,2,39.68,5.14,0
Saud Shakeel,Batter,2019,Test,15,30,585,19.5,43.4,1,5,9,45.93,3.12,0
Saud Shakeel,Batter,2020,T20,10,10,640,64.0,132.1,2,5,0,31.01,8.34,1
Saud Shakeel,Batter,2020,ODI,20,20,529,26.45,86.3,1,4,1,47.74,5.0,1
Saud Shakeel,Batter,2020,Test,13,26,878,33.77,41.4,2,7,0,38.58,2.99,0
Saud Shakeel,Batter,2021,T20,7,7,604,86.29,146.7,1,6,16,46.23,7.59,1
Saud Shakeel,Batter,2021,ODI,8,8,463,57.88,88.0,1,4,1,48.56,4.56,0
Saud Shakeel,Batter,2021,Test,13,26,586,22.54,54.4,1,5,0,52.23,2.98,1
Saud Shakeel,Batter,2022,T20,9,9,224,24.89,135.8,0,2,7,47.46,7.01,1
Saud Shakeel,Batter,2022,ODI,17,17,696,40.94,89.2,1,6,18,50.2,5.65,0
Saud Shakeel,Batter,2022,Test,9,18,822,45.67,63.4,3,7,11,50.59,2.71,0
Saud Shakeel,Batter,2023,T20,8,8,688,86.0,124.6,2,6,11,41.25,7.32,0
Saud Shakeel,Batter,2023,ODI,16,16,539,33.69,76.9,2,4,0,49.43,5.31,0
Saud Shakeel,Batter,2023,Test,12,24,457,19.04,42.3,2,3,2,50.19,3.58,0
Saud Shakeel,Batter,2024,T20,9,9,505,56.11,131.6,1,5,0,44.56,7.95,0
Saud Shakeel,Batter,2024,ODI,6,6,421,70.17,84.0,2,3,0,46.76,5.38,1
Saud Shakeel,Batter,2024,Test,7,14,470,33.57,55.2,2,3,3,47.17,2.16,0
Shan Masood,Batter,2015,T20,7,7,397,56.71,142.8,1,4,5,39.54,7.96,0
Shan Masood,Batter,2015,ODI,11,11,471,42.82,91.6,1,3,17,44.13,5.24,0
Shan Masood,Batter,2015,Test,8,16,818,51.12,56.2,3,7,19,35.46,2.64,1
Shan Masood,Batter,2016,T20,16,16,496,31.0,125.6,2,5,0,47.3,7.94,0
Shan Masood,Batter,2016,ODI,8,8,693,86.62,70.9,1,5,7,52.0,4.88,1
Shan Masood,Batter,2016,Test,11,22,470,21.36,69.7,1,4,12,42.81,3.22,0
Shan Masood,Batter,2017,T20,19,19,765,40.26,132.5,3,6,8,51.19,7.88,0
Shan Masood,Batter,2017,ODI,8,8,558,69.75,74.2,2,5,0,44.45,4.53,1
Shan Masood,Batter,2017,Test,14,28,747,26.68,57.3,3,6,2,39.02,2.72,0
Shan Masood,Batter,2018,T20,13,13,661,50.85,143.1,2,5,0,33.18,7.84,0
Shan Masood,Batter,2018,ODI,19,19,590,31.05,83.1,1,4,0,46.03,4.54,1
Shan Masood,Batter,2018,Test,15,30,590,19.67,72.3,2,4,0,50.95,2.56,0
Shan Masood,Batter,2019,T20,18,18,711,39.5,122.0,2,6,9,35.82,7.51,1
Shan Masood,Batter,2019,ODI,7,7,515,73.57,82.4,1,4,1,43.18,5.06,0
Shan Masood,Batter,2019,Test,20,40,565,14.12,61.5,1,4,1,48.01,2.96,1
Shan Masood,Batter,2020,T20,6,6,516,86.0,138.2,1,4,0,47.59,8.04,0
Shan Masood,Batter,2020,ODI,15,15,655,43.67,68.3,1,5,14,36.9,5.01,0
Shan Masood,Batter,2020,Test,19,38,557,14.66,62.8,1,4,0,46.35,2.43,0
Shan Masood,Batter,2021,T20,6,6,509,84.83,134.7,1,4,8,43.45,7.66,1
Shan Masood,Batter,2021,ODI,20,20,756,37.8,84.5,2,7,1,46.08,4.97,0
Shan Masood,Batter,2021,Test,19,38,852,22.42,51.8,2,7,9,40.12,3.03,0
Shan Masood,Batter,2022,T20,16,16,689,43.06,132.8,1,5,0,45.12,7.19,0
Shan Masood,Batter,2022,ODI,9,9,649,72.11,75.2,2,6,14,43.2,4.7,0
Shan Masood,Batter,2022,Test,9,18,272,15.11,57.0,0,2,0,42.33,3.53,0
Shan Masood,Batter,2023,T20,18,18,834,46.33,141.4,2,6,27,43.05,8.11,1
Shan Masood,Batter,2023,ODI,18,18,308,17.11,72.7,0,3,11,45.53,5.17,0
Shan Masood,Batter,2023,Test,9,18,549,30.5,44.7,1,5,0,35.11,3.2,0
Shan Masood,Batter,2024,T20,14,14,450,32.14,145.7,2,3,10,38.81,7.72,0
Shan Masood,Batter,2024,ODI,7,7,470,67.14,84.4,1,3,21,46.54,4.83,0
Shan Masood,Batter,2024,Test,18,36,571,15.86,59.8,1,5,4,44.64,3.69,0
Salman Agha,Batter,2015,T20,6,6,614,102.33,111.2,2,6,4,44.78,7.61,1
Salman Agha,Batter,2015,ODI,12,12,693,57.75,80.2,1,6,10,41.26,5.15,0
Salman Agha,Batter,2015,Test,11,22,662,30.09,46.5,1,5,1,35.88,3.26,0
Salman Agha,Batter,2016,T20,20,20,626,31.3,135.9,2,6,8,49.6,7.32,1
Salman Agha,Batter,2016,ODI,18,18,829,46.06,84.7,3,7,6,42.5,5.75,0
Salman Agha,Batter,2016,Test,8,16,769,48.06,51.2,2,6,0,49.51,2.93,0
Salman Agha,Batter,2017,T20,18,18,710,39.44,141.1,2,5,1,44.64,7.64,0
Salman Agha,Batter,2017,ODI,20,20,736,36.8,90.5,3,6,5,48.93,5.04,0
Salman Agha,Batter,2017,Test,11,22,700,31.82,70.0,2,5,2,44.45,3.65,0
Salman Agha,Batter,2018,T20,19,19,647,34.05,149.1,2,5,0,45.44,7.21,0
Salman Agha,Batter,2018,ODI,19,19,557,29.32,80.1,1,4,8,37.97,4.89,0
Salman Agha,Batter,2018,Test,15,30,658,21.93,30.6,2,6,0,38.9,2.3,1
Salman Agha,Batter,2019,T20,5,5,359,71.8,127.2,1,2,2,43.34,8.4,0
Salman Agha,Batter,2019,ODI,11,11,547,49.73,85.0,1,4,0,41.64,4.68,0
Salman Agha,Batter,2019,Test,13,26,625,24.04,47.7,2,5,8,38.6,2.98,0
Salman Agha,Batter,2020,T20,15,15,626,41.73,125.4,1,6,8,44.89,8.05,0
Salman Agha,Batter,2020,ODI,10,10,579,57.9,91.2,1,4,2,49.79,5.54,0
Salman Agha,Batter,2020,Test,10,20,780,39.0,58.4,3,6,5,42.8,3.57,0
Salman Agha,Batter,2021,T20,13,13,400,30.77,148.2,1,3,8,52.98,7.3,1
Salman Agha,Batter,2021,ODI,17,17,510,30.0,92.5,1,5,3,43.26,5.14,0
Salman Agha,Batter,2021,Test,18,36,378,10.5,38.5,1,4,0,42.79,3.78,1
Salman Agha,Batter,2022,T20,9,9,751,83.44,131.6,2,6,12,45.57,7.53,1
Salman Agha,Batter,2022,ODI,10,10,637,63.7,72.8,2,6,19,47.38,5.88,1
Salman Agha,Batter,2022,Test,10,20,549,27.45,78.3,2,5,5,37.19,2.55,0
Salman Agha,Batter,2023,T20,16,16,656,41.0,129.2,1,5,10,50.25,8.0,1
Salman Agha,Batter,2023,ODI,8,8,627,78.38,92.8,1,6,0,46.44,5.77,0
Salman Agha,Batter,2023,Test,15,30,323,10.77,34.0,1,3,5,59.27,2.8,1
Salman Agha,Batter,2024,T20,15,15,739,49.27,150.3,2,7,6,45.69,7.8,0
Salman Agha,Batter,2024,ODI,18,18,382,21.22,79.7,2,4,0,42.91,5.08,0
Salman Agha,Batter,2024,Test,19,38,551,14.5,50.6,2,5,0,37.76,3.72,1
Shaheen Afridi,Bowler,2015,T20,5,5,282,56.4,141.8,0,3,38,28.48,7.84,2
Shaheen Afridi,Bowler,2015,ODI,16,16,20,1.25,91.6,0,0,38,28.58,5.78,1
Shaheen Afridi,Bowler,2015,Test,6,12,117,9.75,76.3,0,0,29,36.75,2.3,2
Shaheen Afridi,Bowler,2016,T20,20,20,364,18.2,138.1,1,3,29,20.96,7.36,1
Shaheen Afridi,Bowler,2016,ODI,13,13,449,34.54,77.0,1,3,25,27.12,5.94,2
Shaheen Afridi,Bowler,2016,Test,13,26,137,5.27,46.3,0,2,9,20.43,2.17,0
Shaheen Afridi,Bowler,2017,T20,15,15,20,1.33,148.4,0,0,21,22.93,7.26,1
Shaheen Afridi,Bowler,2017,ODI,12,12,373,31.08,106.4,2,4,30,31.29,5.21,1
Shaheen Afridi,Bowler,2017,Test,5,10,287,28.7,54.6,1,2,29,26.35,3.01,2
Shaheen Afridi,Bowler,2018,T20,8,8,227,28.38,145.5,0,2,26,30.03,7.48,1
Shaheen Afridi,Bowler,2018,ODI,12,12,454,37.83,80.2,1,3,37,25.0,4.58,2
Shaheen Afridi,Bowler,2018,Test,19,38,20,0.53,51.3,0,0,23,20.46,3.83,1
Shaheen Afridi,Bowler,2019,T20,7,7,190,27.14,131.5,1,1,21,34.65,8.49,1
Shaheen Afridi,Bowler,2019,ODI,6,6,270,45.0,82.3,0,3,32,28.72,5.87,2
Shaheen Afridi,Bowler,2019,Test,5,10,20,2.0,58.2,1,0,14,37.96,3.21,0
Shaheen Afridi,Bowler,2020,T20,11,11,20,1.82,136.2,0,0,25,30.14,7.65,2
Shaheen Afridi,Bowler,2020,ODI,13,13,74,5.69,94.0,1,0,25,36.92,5.6,1
Shaheen Afridi,Bowler,2020,Test,16,32,228,7.12,47.2,0,1,40,21.32,3.23,1
Shaheen Afridi,Bowler,2021,T20,16,16,357,22.31,132.8,1,2,26,37.22,7.64,1
Shaheen Afridi,Bowler,2021,ODI,11,11,161,14.64,99.1,0,1,23,23.96,5.82,1
Shaheen Afridi,Bowler,2021,Test,19,38,71,1.87,49.7,0,1,20,29.45,2.25,0
Shaheen Afridi,Bowler,2022,T20,20,20,254,12.7,135.2,0,2,25,24.61,7.87,1
Shaheen Afridi,Bowler,2022,ODI,15,15,231,15.4,75.9,1,1,25,27.48,5.67,2
Shaheen Afridi,Bowler,2022,Test,8,16,188,11.75,61.7,0,1,31,31.29,3.05,1
Shaheen Afridi,Bowler,2023,T20,10,10,202,20.2,142.6,0,2,28,24.93,7.9,1
Shaheen Afridi,Bowler,2023,ODI,8,8,268,33.5,99.9,1,2,26,26.19,5.49,1
Shaheen Afridi,Bowler,2023,Test,12,24,81,3.38,62.1,0,1,27,26.73,3.8,1
Shaheen Afridi,Bowler,2024,T20,11,11,448,40.73,119.9,1,4,22,31.71,7.75,0
Shaheen Afridi,Bowler,2024,ODI,11,11,256,23.27,78.4,0,3,25,35.04,5.15,2
Shaheen Afridi,Bowler,2024,Test,20,40,256,6.4,56.0,1,2,28,30.46,3.53,2
Naseem Shah,Bowler,2015,T20,16,16,20,1.25,135.1,0,1,15,27.08,8.34,1
Naseem Shah,Bowler,2015,ODI,17,17,133,7.82,73.6,0,1,14,28.64,5.53,0
Naseem Shah,Bowler,2015,Test,17,34,210,6.18,65.3,1,1,32,26.09,2.84,1
Naseem Shah,Bowler,2016,T20,14,14,154,11.0,126.3,0,2,27,23.49,7.77,1
Naseem Shah,Bowler,2016,ODI,19,19,49,2.58,88.9,1,1,24,29.11,4.83,0
Naseem Shah,Bowler,2016,Test,16,32,222,6.94,61.8,0,2,21,30.04,3.0,0
Naseem Shah,Bowler,2017,T20,16,16,277,17.31,136.6,0,3,24,36.27,7.91,0
Naseem Shah,Bowler,2017,ODI,9,9,20,2.22,101.7,0,0,24,28.51,4.8,0
Naseem Shah,Bowler,2017,Test,17,34,442,13.0,48.8,1,4,11,15.59,4.06,0
Naseem Shah,Bowler,2018,T20,12,12,89,7.42,133.9,0,1,19,27.04,7.25,0
Naseem Shah,Bowler,2018,ODI,15,15,269,17.93,76.3,1,2,10,31.68,5.47,0
Naseem Shah,Bowler,2018,Test,14,28,195,6.96,56.3,0,2,24,28.81,3.62,0
Naseem Shah,Bowler,2019,T20,14,14,165,11.79,136.9,0,1,36,38.16,7.46,2
Naseem Shah,Bowler,2019,ODI,17,17,365,21.47,91.7,2,3,24,24.85,5.13,0
Naseem Shah,Bowler,2019,Test,15,30,31,1.03,50.4,0,0,30,34.6,3.51,2
Naseem Shah,Bowler,2020,T20,20,20,432,21.6,141.6,2,4,25,29.13,8.2,2
Naseem Shah,Bowler,2020,ODI,7,7,41,5.86,87.7,0,0,16,37.72,4.03,0
Naseem Shah,Bowler,2020,Test,18,36,466,12.94,51.3,1,3,25,30.96,2.79,2
Naseem Shah,Bowler,2021,T20,20,20,286,14.3,146.0,0,2,12,27.88,7.79,0
Naseem Shah,Bowler,2021,ODI,19,19,198,10.42,94.3,0,2,28,36.69,4.65,1
Naseem Shah,Bowler,2021,Test,19,38,20,0.53,47.5,0,1,16,35.89,3.23,0
Naseem Shah,Bowler,2022,T20,18,18,35,1.94,135.1,1,1,42,22.51,8.29,2
Naseem Shah,Bowler,2022,ODI,8,8,20,2.5,100.0,0,0,23,34.95,4.91,1
Naseem Shah,Bowler,2022,Test,11,22,502,22.82,63.6,1,5,20,30.09,3.21,0
Naseem Shah,Bowler,2023,T20,18,18,70,3.89,137.3,0,1,36,29.19,7.55,1
Naseem Shah,Bowler,2023,ODI,17,17,30,1.76,91.2,0,1,18,36.39,5.94,0
Naseem Shah,Bowler,2023,Test,19,38,123,3.24,55.4,0,2,34,35.15,3.27,1
Naseem Shah,Bowler,2024,T20,8,8,103,12.88,137.3,1,0,28,35.5,8.2,2
Naseem Shah,Bowler,2024,ODI,13,13,260,20.0,92.7,0,2,32,24.15,5.05,2
Naseem Shah,Bowler,2024,Test,8,16,196,12.25,48.4,0,1,29,32.64,3.25,1
Haris Rauf,Bowler,2015,T20,12,12,101,8.42,140.2,0,0,3,35.12,7.63,1
Haris Rauf,Bowler,2015,ODI,7,7,263,37.57,88.8,0,2,41,33.77,5.36,1
Haris Rauf,Bowler,2015,Test,15,30,90,3.0,52.5,0,1,28,27.05,3.21,1
Haris Rauf,Bowler,2016,T20,5,5,317,63.4,127.9,1,2,29,26.21,7.85,1
Haris Rauf,Bowler,2016,ODI,16,16,480,30.0,90.7,2,5,26,22.15,5.99,2
Haris Rauf,Bowler,2016,Test,10,20,165,8.25,54.9,0,2,28,22.14,1.9,2
Haris Rauf,Bowler,2017,T20,9,9,74,8.22,147.4,0,1,26,28.39,8.26,2
Haris Rauf,Bowler,2017,ODI,12,12,94,7.83,69.4,0,0,24,36.36,5.31,0
Haris Rauf,Bowler,2017,Test,14,28,193,6.89,65.5,0,1,32,29.78,3.02,1
Haris Rauf,Bowler,2018,T20,6,6,262,43.67,136.2,1,3,37,30.91,8.13,1
Haris Rauf,Bowler,2018,ODI,18,18,106,5.89,78.4,0,0,29,24.32,5.23,2
Haris Rauf,Bowler,2018,Test,12,24,366,15.25,59.9,1,4,13,24.84,3.06,1
Haris Rauf,Bowler,2019,T20,5,5,340,68.0,139.6,0,2,22,25.94,7.86,1
Haris Rauf,Bowler,2019,ODI,11,11,243,22.09,85.3,1,3,28,29.7,5.48,1
Haris Rauf,Bowler,2019,Test,10,20,79,3.95,49.8,1,0,23,36.64,4.27,0
Haris Rauf,Bowler,2020,T20,17,17,373,21.94,140.3,2,3,32,31.76,7.0,1
Haris Rauf,Bowler,2020,ODI,17,17,123,7.24,86.8,0,1,20,26.99,4.89,0
Haris Rauf,Bowler,2020,Test,17,34,267,7.85,44.4,0,2,21,27.28,2.78,0
Haris Rauf,Bowler,2021,T20,5,5,356,71.2,135.9,1,3,18,30.93,7.15,0
Haris Rauf,Bowler,2021,ODI,20,20,331,16.55,74.5,0,3,47,39.73,4.17,1
Haris Rauf,Bowler,2021,Test,17,34,261,7.68,52.5,1,3,26,19.73,2.64,2
Haris Rauf,Bowler,2022,T20,16,16,371,23.19,130.2,2,3,14,28.06,7.93,0
Haris Rauf,Bowler,2022,ODI,5,5,110,22.0,71.4,0,1,29,27.03,5.21,2
Haris Rauf,Bowler,2022,Test,10,20,377,18.85,72.1,2,4,26,24.32,1.8,1
Haris Rauf,Bowler,2023,T20,11,11,244,22.18,130.8,1,3,21,22.5,6.78,1
Haris Rauf,Bowler,2023,ODI,14,14,115,8.21,83.3,0,0,11,22.32,4.55,0
Haris Rauf,Bowler,2023,Test,9,18,167,9.28,61.8,1,2,29,28.12,2.87,2
Haris Rauf,Bowler,2024,T20,18,18,183,10.17,120.6,1,1,23,29.43,8.09,0
Haris Rauf,Bowler,2024,ODI,11,11,20,1.82,86.0,0,1,19,26.59,5.45,0
Haris Rauf,Bowler,2024,Test,13,26,417,16.04,75.1,2,3,23,30.04,2.88,0
Mohammad Wasim Jr,Bowler,2015,T20,7,7,93,13.29,140.6,0,0,17,25.08,7.69,0
Mohammad Wasim Jr,Bowler,2015,ODI,13,13,118,9.08,85.0,0,0,24,30.15,6.06,0
Mohammad Wasim Jr,Bowler,2015,Test,13,26,334,12.85,50.3,0,3,18,34.48,2.86,0
Mohammad Wasim Jr,Bowler,2016,T20,16,16,288,18.0,130.0,0,3,18,34.33,7.15,0
Mohammad Wasim Jr,Bowler,2016,ODI,19,19,284,14.95,77.6,0,2,12,21.98,5.06,0
Mohammad Wasim Jr,Bowler,2016,Test,16,32,408,12.75,40.5,2,4,28,27.79,3.07,2
Mohammad Wasim Jr,Bowler,2017,T20,15,15,320,21.33,136.0,0,3,22,24.72,6.98,0
Mohammad Wasim Jr,Bowler,2017,ODI,16,16,203,12.69,64.2,1,1,33,27.59,4.78,1
Mohammad Wasim Jr,Bowler,2017,Test,9,18,389,21.61,40.1,1,3,21,28.03,3.93,0
Mohammad Wasim Jr,Bowler,2018,T20,10,10,20,2.0,154.8,1,0,12,28.13,8.11,1
Mohammad Wasim Jr,Bowler,2018,ODI,7,7,554,79.14,104.5,1,4,31,26.08,4.9,2
Mohammad Wasim Jr,Bowler,2018,Test,13,26,261,10.04,42.6,0,2,8,34.27,2.77,0
Mohammad Wasim Jr,Bowler,2019,T20,7,7,218,31.14,126.4,0,1,20,24.18,7.63,0
Mohammad Wasim Jr,Bowler,2019,ODI,18,18,20,1.11,87.6,0,1,19,29.84,5.31,1
Mohammad Wasim Jr,Bowler,2019,Test,11,22,177,8.05,50.0,0,1,37,18.11,3.07,1
Mohammad Wasim Jr,Bowler,2020,T20,11,11,175,15.91,151.0,0,2,6,31.43,6.69,0
Mohammad Wasim Jr,Bowler,2020,ODI,12,12,195,16.25,85.8,1,2,36,37.44,5.51,1
Mohammad Wasim Jr,Bowler,2020,Test,9,18,29,1.61,50.5,0,1,22,22.49,4.52,0
Mohammad Wasim Jr,Bowler,2021,T20,13,13,414,31.85,134.7,2,3,12,28.24,6.79,0
Mohammad Wasim Jr,Bowler,2021,ODI,9,9,475,52.78,88.2,1,3,20,35.66,4.8,0
Mohammad Wasim Jr,Bowler,2021,Test,17,34,96,2.82,72.5,0,0,18,26.65,2.43,0
Mohammad Wasim Jr,Bowler,2022,T20,17,17,20,1.18,149.5,0,0,30,26.09,7.2,1
Mohammad Wasim Jr,Bowler,2022,ODI,9,9,61,6.78,100.9,0,1,20,28.79,5.7,0
Mohammad Wasim Jr,Bowler,2022,Test,9,18,356,19.78,59.5,1,2,38,21.62,3.85,1
Mohammad Wasim Jr,Bowler,2023,T20,9,9,20,2.22,154.9,0,0,42,35.67,7.87,2
Mohammad Wasim Jr,Bowler,2023,ODI,15,15,224,14.93,63.0,1,1,13,31.63,5.28,0
Mohammad Wasim Jr,Bowler,2023,Test,14,28,38,1.36,32.0,1,0,27,18.15,2.86,2
Mohammad Wasim Jr,Bowler,2024,T20,19,19,82,4.32,131.6,0,0,27,20.58,7.85,2
Mohammad Wasim Jr,Bowler,2024,ODI,12,12,373,31.08,86.9,2,4,23,25.91,4.79,1
Mohammad Wasim Jr,Bowler,2024,Test,18,36,98,2.72,53.5,0,0,28,25.75,2.13,2
Shadab Khan,Bowler,2015,T20,10,10,20,2.0,143.7,1,1,39,31.72,6.9,2
Shadab Khan,Bowler,2015,ODI,8,8,112,14.0,85.2,0,0,19,32.99,4.61,0
Shadab Khan,Bowler,2015,Test,19,38,203,5.34,50.1,0,1,23,26.24,3.06,0
Shadab Khan,Bowler,2016,T20,8,8,430,53.75,125.5,1,4,24,35.25,7.69,0
Shadab Khan,Bowler,2016,ODI,14,14,527,37.64,91.9,1,5,30,32.47,4.78,1
Shadab Khan,Bowler,2016,Test,11,22,484,22.0,49.4,1,4,14,30.69,3.16,0
Shadab Khan,Bowler,2017,T20,9,9,96,10.67,130.8,0,1,32,33.04,8.14,1
Shadab Khan,Bowler,2017,ODI,10,10,231,23.1,81.6,0,2,26,30.59,5.1,1
Shadab Khan,Bowler,2017,Test,7,14,98,7.0,49.2,0,1,14,25.19,2.8,0
Shadab Khan,Bowler,2018,T20,15,15,173,11.53,145.7,0,1,24,30.28,7.92,0
Shadab Khan,Bowler,2018,ODI,18,18,376,20.89,90.8,1,4,25,25.23,5.32,1
Shadab Khan,Bowler,2018,Test,17,34,65,1.91,62.0,0,0,24,31.63,3.82,0
Shadab Khan,Bowler,2019,T20,20,20,294,14.7,140.2,0,3,11,21.34,8.38,0
Shadab Khan,Bowler,2019,ODI,10,10,498,49.8,75.7,2,5,35,24.76,4.99,2
Shadab Khan,Bowler,2019,Test,9,18,134,7.44,50.4,0,1,34,24.5,2.51,2
Shadab Khan,Bowler,2020,T20,18,18,369,20.5,133.3,1,4,20,23.98,7.79,0
Shadab Khan,Bowler,2020,ODI,12,12,79,6.58,103.6,0,1,26,18.42,5.07,1
Shadab Khan,Bowler,2020,Test,7,14,135,9.64,56.7,0,2,27,28.26,3.03,1
Shadab Khan,Bowler,2021,T20,9,9,20,2.22,136.5,0,1,30,28.28,7.83,1
Shadab Khan,Bowler,2021,ODI,16,16,164,10.25,85.6,0,2,38,35.31,5.03,2
Shadab Khan,Bowler,2021,Test,12,24,245,10.21,63.5,0,3,33,26.46,2.75,1
Shadab Khan,Bowler,2022,T20,15,15,279,18.6,141.5,0,3,21,26.73,8.2,0
Shadab Khan,Bowler,2022,ODI,5,5,165,33.0,72.1,0,2,43,22.55,4.15,1
Shadab Khan,Bowler,2022,Test,20,40,149,3.73,56.0,1,2,25,27.29,3.33,1
Shadab Khan,Bowler,2023,T20,10,10,163,16.3,135.8,1,2,28,33.81,8.21,1
Shadab Khan,Bowler,2023,ODI,5,5,88,17.6,93.2,0,1,34,24.66,5.46,1
Shadab Khan,Bowler,2023,Test,10,20,64,3.2,53.2,1,1,28,31.97,2.67,2
Shadab Khan,Bowler,2024,T20,11,11,237,21.55,141.3,0,2,29,24.06,8.01,1
Shadab Khan,Bowler,2024,ODI,10,10,20,2.0,64.0,0,0,16,31.01,5.44,0
Shadab Khan,Bowler,2024,Test,17,34,20,0.59,32.3,1,0,24,29.84,3.25,0
Imad Wasim,Bowler,2015,T20,9,9,278,30.89,144.8,0,2,21,23.88,8.61,0
Imad Wasim,Bowler,2015,ODI,20,20,143,7.15,82.2,1,1,33,22.03,4.66,1
Imad Wasim,Bowler,2015,Test,12,24,165,6.88,59.8,0,1,20,23.42,2.24,0
Imad Wasim,Bowler,2016,T20,10,10,222,22.2,142.4,0,1,39,31.68,8.15,1
Imad Wasim,Bowler,2016,ODI,11,11,322,29.27,80.5,0,2,30,24.32,4.43,1
Imad Wasim,Bowler,2016,Test,12,24,143,5.96,49.1,1,1,32,26.68,3.47,1
Imad Wasim,Bowler,2017,T20,16,16,152,9.5,127.7,0,1,27,28.42,7.79,1
Imad Wasim,Bowler,2017,ODI,13,13,76,5.85,88.9,0,1,22,32.51,5.05,0
Imad Wasim,Bowler,2017,Test,8,16,200,12.5,55.9,0,2,15,35.0,3.07,1
Imad Wasim,Bowler,2018,T20,16,16,20,1.25,135.6,1,0,31,30.01,7.63,2
Imad Wasim,Bowler,2018,ODI,8,8,561,70.12,91.7,1,4,19,17.06,5.76,0
Imad Wasim,Bowler,2018,Test,14,28,265,9.46,50.3,0,2,1,31.14,3.19,1
Imad Wasim,Bowler,2019,T20,13,13,376,28.92,124.4,1,4,12,30.53,7.96,0
Imad Wasim,Bowler,2019,ODI,5,5,150,30.0,89.0,0,2,30,34.2,5.38,2
Imad Wasim,Bowler,2019,Test,11,22,171,7.77,45.0,0,1,16,30.27,2.64,1
Imad Wasim,Bowler,2020,T20,13,13,122,9.38,135.2,0,1,25,34.41,7.19,1
Imad Wasim,Bowler,2020,ODI,13,13,145,11.15,91.7,0,1,26,29.34,5.21,1
Imad Wasim,Bowler,2020,Test,13,26,222,8.54,62.1,0,1,22,31.43,3.08,0
Imad Wasim,Bowler,2021,T20,5,5,53,10.6,123.6,0,1,35,31.91,7.04,1
Imad Wasim,Bowler,2021,ODI,14,14,106,7.57,83.4,0,1,27,30.49,6.47,1
Imad Wasim,Bowler,2021,Test,13,26,363,13.96,52.8,1,4,30,26.71,2.62,1
Imad Wasim,Bowler,2022,T20,19,19,34,1.79,136.5,1,0,31,20.37,8.07,1
Imad Wasim,Bowler,2022,ODI,16,16,282,17.62,94.2,1,2,10,30.32,5.49,1
Imad Wasim,Bowler,2022,Test,10,20,354,17.7,53.8,1,2,23,31.14,2.41,0
Imad Wasim,Bowler,2023,T20,7,7,278,39.71,143.3,1,3,32,31.6,7.67,2
Imad Wasim,Bowler,2023,ODI,8,8,20,2.5,83.5,0,0,26,33.78,5.83,1
Imad Wasim,Bowler,2023,Test,9,18,368,20.44,49.9,1,3,10,25.57,3.23,0
Imad Wasim,Bowler,2024,T20,20,20,129,6.45,136.3,0,2,8,26.58,8.05,0
Imad Wasim,Bowler,2024,ODI,13,13,126,9.69,81.3,0,1,21,27.36,5.59,0
Imad Wasim,Bowler,2024,Test,12,24,78,3.25,65.4,0,1,26,26.0,2.8,2
Abrar Ahmed,Bowler,2015,T20,17,17,88,5.18,120.4,0,1,26,30.11,8.8,1
Abrar Ahmed,Bowler,2015,ODI,7,7,403,57.57,81.2,1,3,22,25.52,5.01,1
Abrar Ahmed,Bowler,2015,Test,15,30,20,0.67,46.2,0,1,20,25.1,3.38,0
Abrar Ahmed,Bowler,2016,T20,16,16,95,5.94,151.6,0,0,19,36.92,6.74,1
Abrar Ahmed,Bowler,2016,ODI,9,9,116,12.89,94.0,1,0,31,31.45,5.16,1
Abrar Ahmed,Bowler,2016,Test,9,18,97,5.39,59.1,0,1,32,21.18,3.45,1
Abrar Ahmed,Bowler,2017,T20,15,15,412,27.47,153.3,1,4,16,30.87,7.2,0
Abrar Ahmed,Bowler,2017,ODI,17,17,141,8.29,98.7,0,1,31,28.04,5.24,1
Abrar Ahmed,Bowler,2017,Test,16,32,20,0.62,46.0,0,0,31,25.5,3.61,1
Abrar Ahmed,Bowler,2018,T20,14,14,20,1.43,116.6,1,0,28,28.87,8.15,2
Abrar Ahmed,Bowler,2018,ODI,9,9,351,39.0,95.4,1,3,23,20.33,5.05,0
Abrar Ahmed,Bowler,2018,Test,7,14,202,14.43,41.7,0,1,26,29.67,3.32,1
Abrar Ahmed,Bowler,2019,T20,7,7,462,66.0,136.5,2,3,25,22.39,8.19,1
Abrar Ahmed,Bowler,2019,ODI,20,20,321,16.05,77.3,0,3,28,29.35,5.31,2
Abrar Ahmed,Bowler,2019,Test,6,12,106,8.83,51.2,0,0,18,31.18,3.62,1
Abrar Ahmed,Bowler,2020,T20,13,13,127,9.77,145.3,0,2,20,31.62,7.63,0
Abrar Ahmed,Bowler,2020,ODI,17,17,256,15.06,84.3,0,3,20,25.61,5.53,1
Abrar Ahmed,Bowler,2020,Test,7,14,407,29.07,59.6,1,4,16,29.4,2.83,0
Abrar Ahmed,Bowler,2021,T20,18,18,204,11.33,139.5,0,2,12,22.15,8.2,1
Abrar Ahmed,Bowler,2021,ODI,8,8,201,25.12,97.4,0,1,29,21.24,4.97,1
Abrar Ahmed,Bowler,2021,Test,12,24,130,5.42,82.2,0,2,31,29.23,3.16,1
Abrar Ahmed,Bowler,2022,T20,14,14,173,12.36,146.4,0,2,22,25.95,6.47,1
Abrar Ahmed,Bowler,2022,ODI,8,8,23,2.88,103.6,0,0,39,29.32,4.2,1
Abrar Ahmed,Bowler,2022,Test,14,28,223,7.96,63.0,0,1,35,31.47,2.99,1
Abrar Ahmed,Bowler,2023,T20,9,9,190,21.11,129.1,0,2,26,23.56,7.17,1
Abrar Ahmed,Bowler,2023,ODI,6,6,407,67.83,98.3,2,3,16,29.76,5.86,0
Abrar Ahmed,Bowler,2023,Test,9,18,20,1.11,41.9,0,0,35,35.89,1.84,1
Abrar Ahmed,Bowler,2024,T20,20,20,64,3.2,142.2,0,0,28,33.96,8.07,1
Abrar Ahmed,Bowler,2024,ODI,7,7,393,56.14,91.8,2,4,47,26.8,5.24,1
Abrar Ahmed,Bowler,2024,Test,8,16,20,1.25,66.4,0,1,23,19.99,3.67,1
Zaman Khan,Bowler,2015,T20,9,9,20,2.22,139.4,0,1,32,30.59,6.83,2
Zaman Khan,Bowler,2015,ODI,6,6,274,45.67,74.6,0,2,17,29.33,5.39,0
Zaman Khan,Bowler,2015,Test,10,20,20,1.0,46.6,0,1,33,22.71,2.77,2
Zaman Khan,Bowler,2016,T20,19,19,317,16.68,139.9,0,3,28,28.38,7.47,1
Zaman Khan,Bowler,2016,ODI,7,7,20,2.86,115.6,1,0,22,22.57,5.18,0
Zaman Khan,Bowler,2016,Test,20,40,221,5.53,59.2,0,2,29,36.4,3.45,1
Zaman Khan,Bowler,2017,T20,20,20,203,10.15,141.7,0,2,23,35.05,7.96,0
Zaman Khan,Bowler,2017,ODI,7,7,208,29.71,80.3,1,1,37,26.13,4.86,1
Zaman Khan,Bowler,2017,Test,7,14,305,21.79,48.5,0,2,31,39.31,2.48,1
Zaman Khan,Bowler,2018,T20,18,18,201,11.17,125.6,1,1,34,18.18,7.4,1
Zaman Khan,Bowler,2018,ODI,7,7,146,20.86,72.0,0,2,17,20.01,5.11,1
Zaman Khan,Bowler,2018,Test,15,30,20,0.67,76.2,0,1,26,29.62,2.92,2
Zaman Khan,Bowler,2019,T20,18,18,160,8.89,151.0,1,1,17,22.67,7.68,1
Zaman Khan,Bowler,2019,ODI,11,11,160,14.55,74.0,0,2,29,28.72,5.54,1
Zaman Khan,Bowler,2019,Test,5,10,82,8.2,61.9,0,1,8,27.87,2.87,0
Zaman Khan,Bowler,2020,T20,18,18,20,1.11,127.1,1,1,28,30.35,8.0,1
Zaman Khan,Bowler,2020,ODI,16,16,269,16.81,97.0,1,3,22,35.16,4.9,1
Zaman Khan,Bowler,2020,Test,8,16,20,1.25,73.1,0,0,24,23.92,2.54,0
Zaman Khan,Bowler,2021,T20,8,8,20,2.5,135.4,0,1,10,27.81,7.32,0
Zaman Khan,Bowler,2021,ODI,12,12,20,1.67,87.1,0,0,15,35.6,4.24,0
Zaman Khan,Bowler,2021,Test,19,38,20,0.53,64.6,1,0,37,24.77,2.71,2
Zaman Khan,Bowler,2022,T20,13,13,174,13.38,127.4,1,1,41,38.95,7.83,1
Zaman Khan,Bowler,2022,ODI,5,5,441,88.2,87.9,1,4,29,33.72,4.62,1
Zaman Khan,Bowler,2022,Test,11,22,261,11.86,47.6,0,3,19,32.9,3.61,1
Zaman Khan,Bowler,2023,T20,10,10,72,7.2,140.0,0,1,26,35.81,7.98,2
Zaman Khan,Bowler,2023,ODI,17,17,233,13.71,92.8,0,1,15,31.2,5.09,0
Zaman Khan,Bowler,2023,Test,5,10,20,2.0,60.4,0,0,17,23.77,3.74,0
Zaman Khan,Bowler,2024,T20,9,9,146,16.22,149.1,0,1,23,28.69,8.87,0
Zaman Khan,Bowler,2024,ODI,11,11,70,6.36,83.3,1,1,21,24.62,5.84,1
Zaman Khan,Bowler,2024,Test,8,16,96,6.0,72.6,0,0,36,30.45,3.4,1
